{
  "ModelId": "a81151f9-b785-4963-94d0-d72565ebd5a6",
  "DomainId": "1c534bff-1288-4a89-a31b-01ee7bda1fde",
  "Name": "PD segmentation BSSB",
  "Description": "PD segmentation BSSB",
  "ModelTypeId": "43466d4c-8fc8-4b41-b4a7-415d9481a709",
  "ObjectiveTypeId": "c84eec4a-5e3d-4e88-bf7f-2c7a22a54d76",
  "ParentDeckId": null,
  "IsPrivate": false,
  "Status": "Open",
  "Data": {
    "deletionProtection": {
      "enabled": false
    }
  },
  "LatestVersionId": "a17cc12b-f644-4a15-bdb1-bc6a678fd4f3",
  "LatestVersion": 1,
  "LatestStatus": "Draft",
  "LatestErrors": null,
  "LatestWarnings": null,
  "LatestValidatedWhen": null,
  "PublishedVersions": 0,
  "ArchivedBy": null,
  "ArchivedWhen": null,
  "CreatedBy": "856e360c-fa79-41e7-a5e4-a076c1d30502",
  "CreatedWhen": "2025-09-19 08:17:46.307204",
  "LastModifiedBy": "856e360c-fa79-41e7-a5e4-a076c1d30502",
  "LastModifiedWhen": "2025-09-19 08:21:52.853103",
  "ObjectiveTypeCode": "Segmentation",
  "ModelTypeName": "Simulation",
  "activityExport": {
    "sourceId": "a81151f9-b785-4963-94d0-d72565ebd5a6",
    "name": "PD segmentation BSSB",
    "path": "models/activities",
    "file": "activities_sourceId_5ebd5a6.json"
  },
  "versions": [
    {
      "VersionId": "a17cc12b-f644-4a15-bdb1-bc6a678fd4f3",
      "ModelId": "a81151f9-b785-4963-94d0-d72565ebd5a6",
      "Version": 1,
      "Description": "Initial Version",
      "Status": "Draft",
      "PublishedBy": null,
      "PublishedWhen": null,
      "PublishComments": null,
      "ExpiryDate": null,
      "ArchivedBy": null,
      "ArchivedWhen": null,
      "ConcurrencyId": "8ce91f36-6795-4387-9221-61ecc41bd906",
      "CreatedBy": "856e360c-fa79-41e7-a5e4-a076c1d30502",
      "CreatedWhen": "2025-09-19 08:17:46.307204",
      "LastModifiedBy": "856e360c-fa79-41e7-a5e4-a076c1d30502",
      "LastModifiedWhen": "2025-09-19 08:21:52.853103",
      "versionProps": [
        {
          "VersionPropId": "81151dc0-e042-4ef7-91aa-e7f4d73aa54c",
          "VersionId": "a17cc12b-f644-4a15-bdb1-bc6a678fd4f3",
          "Key": "SegmentationConfiguration",
          "Value": {
            "segments": [
              {
                "segmentId": "e3e253f2-c212-4162-a3b5-66fc8258977c",
                "name": "PD Investasi Korporasi",
                "description": "PD Investasi Menengah",
                "category": "PD Investasi Menengah",
                "lastModifiedWhen": "2025-09-19T08:18:22.5330236"
              },
              {
                "segmentId": "817a96ba-6034-4a4e-b804-f44eb1dc4811",
                "name": "PD Investasi Menengah",
                "description": "PD Investasi Menengah",
                "category": "PD Investasi Menengah",
                "lastModifiedWhen": "2025-09-19T08:18:36.6118774"
              }
            ],
            "rules": [
              {
                "ruleId": "7089360f-d204-4de3-9029-a45bef4976d7",
                "name": "PD Investasi Korporasi",
                "description": "PD Investasi Korporasi",
                "priority": 1,
                "lastModifiedWhen": "2025-09-19T08:19:29.78138",
                "segments": [
                  {
                    "segmentRuleId": "ca35c5c4-636f-4d5d-a62c-07ace97a1458",
                    "segmentId": "e3e253f2-c212-4162-a3b5-66fc8258977c",
                    "segmentName": "PD Investasi Korporasi",
                    "priority": 1,
                    "condition": {
                      "conditionId": "2aecf690-6fa1-430a-b37b-1969ae37521e",
                      "conditions": [
                        {
                          "conditionId": "20aced73-b805-4c5e-b205-ae715986ecc0",
                          "field": "Segment",
                          "operator": "Equal",
                          "value": "Treasury"
                        }
                      ],
                      "combinator": "And"
                    }
                  }
                ]
              },
              {
                "ruleId": "e99dd240-28a5-4310-adbd-5c18399ed6a7",
                "name": "PD Investasi Menengah",
                "description": "PD Investasi Menengah",
                "priority": 2,
                "lastModifiedWhen": "2025-09-19T08:21:52.852785",
                "segments": [
                  {
                    "segmentRuleId": "33e51e2f-e9e4-4cce-9266-ed7527131a35",
                    "segmentId": "817a96ba-6034-4a4e-b804-f44eb1dc4811",
                    "segmentName": "PD Investasi Menengah",
                    "priority": 1,
                    "condition": {
                      "conditionId": "d5ed18ff-bdcb-46fd-b959-c1b90a64861a",
                      "conditions": [
                        {
                          "conditionId": "e0f977f9-45c2-456b-8093-d003a3b2edbe",
                          "field": "ProductSubtype",
                          "operator": "In",
                          "value": "",
                          "values": [
                            "Bond"
                          ]
                        }
                      ],
                      "combinator": "And"
                    }
                  }
                ]
              }
            ],
            "hierarchies": []
          }
        },
        {
          "VersionPropId": "04f6cbfb-38ee-4ef6-be34-c5d12b6a7665",
          "VersionId": "a17cc12b-f644-4a15-bdb1-bc6a678fd4f3",
          "Key": "Origin",
          "Value": {
            "origin": {
              "originType": "New"
            }
          }
        },
        {
          "VersionPropId": "bbd7f92f-fa03-42b0-99a4-020acb63719d",
          "VersionId": "a17cc12b-f644-4a15-bdb1-bc6a678fd4f3",
          "Key": "TestSuites",
          "Value": {
            "testSuites": []
          }
        }
      ],
      "publishRequests": [],
      "activityExport": {
        "sourceId": "a17cc12b-f644-4a15-bdb1-bc6a678fd4f3",
        "name": "PD segmentation BSSB_v1",
        "path": "models/activities",
        "file": "activities_sourceId_78fd4f3.json"
      }
    }
  ]
}