{
  "activities": [
    {
      "ActivityId": "f4a84e0d-d62a-4b47-b29a-31c5914d3f00",
      "UserId": "856e360c-fa79-41e7-a5e4-a076c1d30502",
      "SourceId": "a17cc12b-f644-4a15-bdb1-bc6a678fd4f3",
      "Source": "Version",
      "Action": "CreateVersion",
      "Description": "Created version 1 of model PD segmentation BSSB",
      "Trace": {
        "versionSnapshot": {
          "versionId": "a17cc12b-f644-4a15-bdb1-bc6a678fd4f3",
          "version": 1,
          "status": "Draft",
          "createdBy": {
            "userId": "856e360c-fa79-41e7-a5e4-a076c1d30502",
            "name": "Ahmad Ridwan"
          },
          "createdWhen": "2025-09-19T08:17:46.3072049",
          "lastModifiedBy": {
            "userId": "856e360c-fa79-41e7-a5e4-a076c1d30502",
            "name": "Ahmad Ridwan"
          },
          "lastModifiedWhen": "2025-09-19T08:17:46.3072049",
          "origin": {
            "origin": {
              "originType": "New"
            }
          },
          "model": {
            "modelId": "a81151f9-b785-4963-94d0-d72565ebd5a6",
            "name": "PD segmentation BSSB",
            "description": "PD segmentation BSSB",
            "isPrivate": false,
            "status": "Open",
            "createdBy": {
              "userId": "856e360c-fa79-41e7-a5e4-a076c1d30502",
              "name": "Ahmad Ridwan"
            },
            "createdWhen": "2025-09-19T08:17:46.3072049",
            "lastModifiedBy": {
              "userId": "856e360c-fa79-41e7-a5e4-a076c1d30502",
              "name": "Ahmad Ridwan"
            },
            "lastModifiedWhen": "2025-09-19T08:17:46.3072049",
            "objectiveType": {
              "objectiveTypeId": "c84eec4a-5e3d-4e88-bf7f-2c7a22a54d76",
              "code": "Segmentation",
              "name": "Segmentation",
              "description": "Segmentation Model"
            },
            "modelType": {
              "modelTypeId": "43466d4c-8fc8-4b41-b4a7-415d9481a709",
              "name": "Simulation",
              "description": "Model simulation type",
              "style": {
                "border": "solid 1px #36116f",
                "backgroundColor": "#563d7c",
                "color": "white"
              }
            }
          }
        }
      },
      "Timestamp": "2025-09-19 08:17:46.307204",
      "ImpersonatedUserId": null
    },
    {
      "ActivityId": "a1a11432-14f3-443f-9a0d-b5ce0a832dd1",
      "UserId": "856e360c-fa79-41e7-a5e4-a076c1d30502",
      "SourceId": "a17cc12b-f644-4a15-bdb1-bc6a678fd4f3",
      "Source": "Version",
      "Action": "UpdateVersion",
      "Description": "Updated version 1 of model PD segmentation BSSB",
      "Trace": {
        "versionSnapshot": {
          "versionId": "a17cc12b-f644-4a15-bdb1-bc6a678fd4f3",
          "version": 1,
          "status": "Draft",
          "createdBy": {
            "userId": "856e360c-fa79-41e7-a5e4-a076c1d30502",
            "name": "Ahmad Ridwan"
          },
          "createdWhen": "2025-09-19T08:17:46.307204",
          "lastModifiedBy": {
            "userId": "856e360c-fa79-41e7-a5e4-a076c1d30502",
            "name": "Ahmad Ridwan"
          },
          "lastModifiedWhen": "2025-09-19T08:18:22.5330767",
          "origin": {
            "origin": {
              "originType": "New"
            }
          },
          "model": {
            "modelId": "a81151f9-b785-4963-94d0-d72565ebd5a6",
            "name": "PD segmentation BSSB",
            "description": "PD segmentation BSSB",
            "isPrivate": false,
            "status": "Open",
            "createdBy": {
              "userId": "856e360c-fa79-41e7-a5e4-a076c1d30502",
              "name": "Ahmad Ridwan"
            },
            "createdWhen": "2025-09-19T08:17:46.307204",
            "lastModifiedBy": {
              "userId": "856e360c-fa79-41e7-a5e4-a076c1d30502",
              "name": "Ahmad Ridwan"
            },
            "lastModifiedWhen": "2025-09-19T08:18:22.5330767",
            "objectiveType": {
              "objectiveTypeId": "c84eec4a-5e3d-4e88-bf7f-2c7a22a54d76",
              "code": "Segmentation",
              "name": "Segmentation",
              "description": "Segmentation Model"
            },
            "modelType": {
              "modelTypeId": "43466d4c-8fc8-4b41-b4a7-415d9481a709",
              "name": "Simulation",
              "description": "Model simulation type",
              "style": {
                "border": "solid 1px #36116f",
                "backgroundColor": "#563d7c",
                "color": "white"
              }
            }
          },
          "segmentationConfiguration": {
            "segments": [
              {
                "segmentId": "e3e253f2-c212-4162-a3b5-66fc8258977c",
                "name": "PD Investasi Korporasi",
                "description": "PD Investasi Menengah",
                "category": "PD Investasi Menengah",
                "lastModifiedWhen": "2025-09-19T08:18:22.5330236"
              }
            ],
            "rules": [],
            "hierarchies": [],
            "nodes": [
              {
                "id": "a17cc12b-f644-4a15-bdb1-bc6a678fd4f3",
                "path": "/PD segmentation BSSB",
                "name": "PD segmentation BSSB",
                "description": "PD segmentation BSSB",
                "nodeType": "Model"
              },
              {
                "id": "e3e253f2-c212-4162-a3b5-66fc8258977c",
                "path": "/PD segmentation BSSB/PD Investasi Korporasi",
                "name": "PD Investasi Korporasi",
                "description": "PD Investasi Menengah",
                "category": "PD Investasi Menengah",
                "nodeType": "Segment",
                "parentId": "a17cc12b-f644-4a15-bdb1-bc6a678fd4f3"
              }
            ]
          },
          "testSuites": {
            "testSuites": []
          }
        }
      },
      "Timestamp": "2025-09-19 08:18:22.552719",
      "ImpersonatedUserId": null
    },
    {
      "ActivityId": "7d69df31-5c92-447b-963e-64c9bfd1f51a",
      "UserId": "856e360c-fa79-41e7-a5e4-a076c1d30502",
      "SourceId": "a17cc12b-f644-4a15-bdb1-bc6a678fd4f3",
      "Source": "Version",
      "Action": "UpdateVersion",
      "Description": "Updated version 1 of model PD segmentation BSSB",
      "Trace": {
        "versionSnapshot": {
          "versionId": "a17cc12b-f644-4a15-bdb1-bc6a678fd4f3",
          "version": 1,
          "status": "Draft",
          "createdBy": {
            "userId": "856e360c-fa79-41e7-a5e4-a076c1d30502",
            "name": "Ahmad Ridwan"
          },
          "createdWhen": "2025-09-19T08:17:46.307204",
          "lastModifiedBy": {
            "userId": "856e360c-fa79-41e7-a5e4-a076c1d30502",
            "name": "Ahmad Ridwan"
          },
          "lastModifiedWhen": "2025-09-19T08:18:36.6119476",
          "origin": {
            "origin": {
              "originType": "New"
            }
          },
          "model": {
            "modelId": "a81151f9-b785-4963-94d0-d72565ebd5a6",
            "name": "PD segmentation BSSB",
            "description": "PD segmentation BSSB",
            "isPrivate": false,
            "status": "Open",
            "createdBy": {
              "userId": "856e360c-fa79-41e7-a5e4-a076c1d30502",
              "name": "Ahmad Ridwan"
            },
            "createdWhen": "2025-09-19T08:17:46.307204",
            "lastModifiedBy": {
              "userId": "856e360c-fa79-41e7-a5e4-a076c1d30502",
              "name": "Ahmad Ridwan"
            },
            "lastModifiedWhen": "2025-09-19T08:18:36.6119476",
            "objectiveType": {
              "objectiveTypeId": "c84eec4a-5e3d-4e88-bf7f-2c7a22a54d76",
              "code": "Segmentation",
              "name": "Segmentation",
              "description": "Segmentation Model"
            },
            "modelType": {
              "modelTypeId": "43466d4c-8fc8-4b41-b4a7-415d9481a709",
              "name": "Simulation",
              "description": "Model simulation type",
              "style": {
                "border": "solid 1px #36116f",
                "backgroundColor": "#563d7c",
                "color": "white"
              }
            }
          },
          "segmentationConfiguration": {
            "segments": [
              {
                "segmentId": "e3e253f2-c212-4162-a3b5-66fc8258977c",
                "name": "PD Investasi Korporasi",
                "description": "PD Investasi Menengah",
                "category": "PD Investasi Menengah",
                "lastModifiedWhen": "2025-09-19T08:18:22.5330236"
              },
              {
                "segmentId": "817a96ba-6034-4a4e-b804-f44eb1dc4811",
                "name": "PD Investasi Menengah",
                "description": "PD Investasi Menengah",
                "category": "PD Investasi Menengah",
                "lastModifiedWhen": "2025-09-19T08:18:36.6118774"
              }
            ],
            "rules": [],
            "hierarchies": [],
            "nodes": [
              {
                "id": "a17cc12b-f644-4a15-bdb1-bc6a678fd4f3",
                "path": "/PD segmentation BSSB",
                "name": "PD segmentation BSSB",
                "description": "PD segmentation BSSB",
                "nodeType": "Model"
              },
              {
                "id": "e3e253f2-c212-4162-a3b5-66fc8258977c",
                "path": "/PD segmentation BSSB/PD Investasi Korporasi",
                "name": "PD Investasi Korporasi",
                "description": "PD Investasi Menengah",
                "category": "PD Investasi Menengah",
                "nodeType": "Segment",
                "parentId": "a17cc12b-f644-4a15-bdb1-bc6a678fd4f3"
              },
              {
                "id": "817a96ba-6034-4a4e-b804-f44eb1dc4811",
                "path": "/PD segmentation BSSB/PD Investasi Menengah",
                "name": "PD Investasi Menengah",
                "description": "PD Investasi Menengah",
                "category": "PD Investasi Menengah",
                "nodeType": "Segment",
                "parentId": "a17cc12b-f644-4a15-bdb1-bc6a678fd4f3"
              }
            ]
          },
          "testSuites": {
            "testSuites": []
          }
        }
      },
      "Timestamp": "2025-09-19 08:18:36.630951",
      "ImpersonatedUserId": null
    },
    {
      "ActivityId": "f7c94520-99eb-4c7a-b9cd-0d8309abb7c8",
      "UserId": "856e360c-fa79-41e7-a5e4-a076c1d30502",
      "SourceId": "a17cc12b-f644-4a15-bdb1-bc6a678fd4f3",
      "Source": "Version",
      "Action": "UpdateVersion",
      "Description": "Updated version 1 of model PD segmentation BSSB",
      "Trace": {
        "versionSnapshot": {
          "versionId": "a17cc12b-f644-4a15-bdb1-bc6a678fd4f3",
          "version": 1,
          "status": "Draft",
          "createdBy": {
            "userId": "856e360c-fa79-41e7-a5e4-a076c1d30502",
            "name": "Ahmad Ridwan"
          },
          "createdWhen": "2025-09-19T08:17:46.307204",
          "lastModifiedBy": {
            "userId": "856e360c-fa79-41e7-a5e4-a076c1d30502",
            "name": "Ahmad Ridwan"
          },
          "lastModifiedWhen": "2025-09-19T08:18:51.7979277",
          "origin": {
            "origin": {
              "originType": "New"
            }
          },
          "model": {
            "modelId": "a81151f9-b785-4963-94d0-d72565ebd5a6",
            "name": "PD segmentation BSSB",
            "description": "PD segmentation BSSB",
            "isPrivate": false,
            "status": "Open",
            "createdBy": {
              "userId": "856e360c-fa79-41e7-a5e4-a076c1d30502",
              "name": "Ahmad Ridwan"
            },
            "createdWhen": "2025-09-19T08:17:46.307204",
            "lastModifiedBy": {
              "userId": "856e360c-fa79-41e7-a5e4-a076c1d30502",
              "name": "Ahmad Ridwan"
            },
            "lastModifiedWhen": "2025-09-19T08:18:51.7979277",
            "objectiveType": {
              "objectiveTypeId": "c84eec4a-5e3d-4e88-bf7f-2c7a22a54d76",
              "code": "Segmentation",
              "name": "Segmentation",
              "description": "Segmentation Model"
            },
            "modelType": {
              "modelTypeId": "43466d4c-8fc8-4b41-b4a7-415d9481a709",
              "name": "Simulation",
              "description": "Model simulation type",
              "style": {
                "border": "solid 1px #36116f",
                "backgroundColor": "#563d7c",
                "color": "white"
              }
            }
          },
          "segmentationConfiguration": {
            "segments": [
              {
                "segmentId": "e3e253f2-c212-4162-a3b5-66fc8258977c",
                "name": "PD Investasi Korporasi",
                "description": "PD Investasi Menengah",
                "category": "PD Investasi Menengah",
                "lastModifiedWhen": "2025-09-19T08:18:22.5330236"
              },
              {
                "segmentId": "817a96ba-6034-4a4e-b804-f44eb1dc4811",
                "name": "PD Investasi Menengah",
                "description": "PD Investasi Menengah",
                "category": "PD Investasi Menengah",
                "lastModifiedWhen": "2025-09-19T08:18:36.6118774"
              }
            ],
            "rules": [
              {
                "ruleId": "7089360f-d204-4de3-9029-a45bef4976d7",
                "name": "PD Investasi Korporasi",
                "description": "PD Investasi Korporasi",
                "priority": 1,
                "lastModifiedWhen": "2025-09-19T08:18:51.7978383"
              }
            ],
            "hierarchies": [],
            "nodes": [
              {
                "id": "a17cc12b-f644-4a15-bdb1-bc6a678fd4f3",
                "path": "/PD segmentation BSSB",
                "name": "PD segmentation BSSB",
                "description": "PD segmentation BSSB",
                "nodeType": "Model"
              },
              {
                "id": "e3e253f2-c212-4162-a3b5-66fc8258977c",
                "path": "/PD segmentation BSSB/PD Investasi Korporasi",
                "name": "PD Investasi Korporasi",
                "description": "PD Investasi Menengah",
                "category": "PD Investasi Menengah",
                "nodeType": "Segment",
                "parentId": "a17cc12b-f644-4a15-bdb1-bc6a678fd4f3"
              },
              {
                "id": "817a96ba-6034-4a4e-b804-f44eb1dc4811",
                "path": "/PD segmentation BSSB/PD Investasi Menengah",
                "name": "PD Investasi Menengah",
                "description": "PD Investasi Menengah",
                "category": "PD Investasi Menengah",
                "nodeType": "Segment",
                "parentId": "a17cc12b-f644-4a15-bdb1-bc6a678fd4f3"
              }
            ]
          },
          "testSuites": {
            "testSuites": []
          }
        }
      },
      "Timestamp": "2025-09-19 08:18:51.819373",
      "ImpersonatedUserId": null
    },
    {
      "ActivityId": "0ec3870d-d7b4-4abf-ba05-24808dcc78ef",
      "UserId": "856e360c-fa79-41e7-a5e4-a076c1d30502",
      "SourceId": "a17cc12b-f644-4a15-bdb1-bc6a678fd4f3",
      "Source": "Version",
      "Action": "UpdateVersion",
      "Description": "Updated version 1 of model PD segmentation BSSB",
      "Trace": {
        "versionSnapshot": {
          "versionId": "a17cc12b-f644-4a15-bdb1-bc6a678fd4f3",
          "version": 1,
          "status": "Draft",
          "createdBy": {
            "userId": "856e360c-fa79-41e7-a5e4-a076c1d30502",
            "name": "Ahmad Ridwan"
          },
          "createdWhen": "2025-09-19T08:17:46.307204",
          "lastModifiedBy": {
            "userId": "856e360c-fa79-41e7-a5e4-a076c1d30502",
            "name": "Ahmad Ridwan"
          },
          "lastModifiedWhen": "2025-09-19T08:19:03.1132587",
          "origin": {
            "origin": {
              "originType": "New"
            }
          },
          "model": {
            "modelId": "a81151f9-b785-4963-94d0-d72565ebd5a6",
            "name": "PD segmentation BSSB",
            "description": "PD segmentation BSSB",
            "isPrivate": false,
            "status": "Open",
            "createdBy": {
              "userId": "856e360c-fa79-41e7-a5e4-a076c1d30502",
              "name": "Ahmad Ridwan"
            },
            "createdWhen": "2025-09-19T08:17:46.307204",
            "lastModifiedBy": {
              "userId": "856e360c-fa79-41e7-a5e4-a076c1d30502",
              "name": "Ahmad Ridwan"
            },
            "lastModifiedWhen": "2025-09-19T08:19:03.1132587",
            "objectiveType": {
              "objectiveTypeId": "c84eec4a-5e3d-4e88-bf7f-2c7a22a54d76",
              "code": "Segmentation",
              "name": "Segmentation",
              "description": "Segmentation Model"
            },
            "modelType": {
              "modelTypeId": "43466d4c-8fc8-4b41-b4a7-415d9481a709",
              "name": "Simulation",
              "description": "Model simulation type",
              "style": {
                "border": "solid 1px #36116f",
                "backgroundColor": "#563d7c",
                "color": "white"
              }
            }
          },
          "segmentationConfiguration": {
            "segments": [
              {
                "segmentId": "e3e253f2-c212-4162-a3b5-66fc8258977c",
                "name": "PD Investasi Korporasi",
                "description": "PD Investasi Menengah",
                "category": "PD Investasi Menengah",
                "lastModifiedWhen": "2025-09-19T08:18:22.5330236"
              },
              {
                "segmentId": "817a96ba-6034-4a4e-b804-f44eb1dc4811",
                "name": "PD Investasi Menengah",
                "description": "PD Investasi Menengah",
                "category": "PD Investasi Menengah",
                "lastModifiedWhen": "2025-09-19T08:18:36.6118774"
              }
            ],
            "rules": [
              {
                "ruleId": "7089360f-d204-4de3-9029-a45bef4976d7",
                "name": "PD Investasi Korporasi",
                "description": "PD Investasi Korporasi",
                "priority": 1,
                "lastModifiedWhen": "2025-09-19T08:18:51.7978383"
              },
              {
                "ruleId": "e99dd240-28a5-4310-adbd-5c18399ed6a7",
                "name": "PD Investasi Menengah",
                "description": "PD Investasi Menengah",
                "priority": 2,
                "lastModifiedWhen": "2025-09-19T08:19:03.1131874"
              }
            ],
            "hierarchies": [],
            "nodes": [
              {
                "id": "a17cc12b-f644-4a15-bdb1-bc6a678fd4f3",
                "path": "/PD segmentation BSSB",
                "name": "PD segmentation BSSB",
                "description": "PD segmentation BSSB",
                "nodeType": "Model"
              },
              {
                "id": "e3e253f2-c212-4162-a3b5-66fc8258977c",
                "path": "/PD segmentation BSSB/PD Investasi Korporasi",
                "name": "PD Investasi Korporasi",
                "description": "PD Investasi Menengah",
                "category": "PD Investasi Menengah",
                "nodeType": "Segment",
                "parentId": "a17cc12b-f644-4a15-bdb1-bc6a678fd4f3"
              },
              {
                "id": "817a96ba-6034-4a4e-b804-f44eb1dc4811",
                "path": "/PD segmentation BSSB/PD Investasi Menengah",
                "name": "PD Investasi Menengah",
                "description": "PD Investasi Menengah",
                "category": "PD Investasi Menengah",
                "nodeType": "Segment",
                "parentId": "a17cc12b-f644-4a15-bdb1-bc6a678fd4f3"
              }
            ]
          },
          "testSuites": {
            "testSuites": []
          }
        }
      },
      "Timestamp": "2025-09-19 08:19:03.132422",
      "ImpersonatedUserId": null
    },
    {
      "ActivityId": "2878e2ee-1117-4c71-9af7-0d51c1d5606c",
      "UserId": "856e360c-fa79-41e7-a5e4-a076c1d30502",
      "SourceId": "a17cc12b-f644-4a15-bdb1-bc6a678fd4f3",
      "Source": "Version",
      "Action": "UpdateVersion",
      "Description": "Updated version 1 of model PD segmentation BSSB",
      "Trace": {
        "versionSnapshot": {
          "versionId": "a17cc12b-f644-4a15-bdb1-bc6a678fd4f3",
          "version": 1,
          "status": "Draft",
          "createdBy": {
            "userId": "856e360c-fa79-41e7-a5e4-a076c1d30502",
            "name": "Ahmad Ridwan"
          },
          "createdWhen": "2025-09-19T08:17:46.307204",
          "lastModifiedBy": {
            "userId": "856e360c-fa79-41e7-a5e4-a076c1d30502",
            "name": "Ahmad Ridwan"
          },
          "lastModifiedWhen": "2025-09-19T08:19:10.6241428",
          "origin": {
            "origin": {
              "originType": "New"
            }
          },
          "model": {
            "modelId": "a81151f9-b785-4963-94d0-d72565ebd5a6",
            "name": "PD segmentation BSSB",
            "description": "PD segmentation BSSB",
            "isPrivate": false,
            "status": "Open",
            "createdBy": {
              "userId": "856e360c-fa79-41e7-a5e4-a076c1d30502",
              "name": "Ahmad Ridwan"
            },
            "createdWhen": "2025-09-19T08:17:46.307204",
            "lastModifiedBy": {
              "userId": "856e360c-fa79-41e7-a5e4-a076c1d30502",
              "name": "Ahmad Ridwan"
            },
            "lastModifiedWhen": "2025-09-19T08:19:10.6241428",
            "objectiveType": {
              "objectiveTypeId": "c84eec4a-5e3d-4e88-bf7f-2c7a22a54d76",
              "code": "Segmentation",
              "name": "Segmentation",
              "description": "Segmentation Model"
            },
            "modelType": {
              "modelTypeId": "43466d4c-8fc8-4b41-b4a7-415d9481a709",
              "name": "Simulation",
              "description": "Model simulation type",
              "style": {
                "border": "solid 1px #36116f",
                "backgroundColor": "#563d7c",
                "color": "white"
              }
            }
          },
          "segmentationConfiguration": {
            "segments": [
              {
                "segmentId": "e3e253f2-c212-4162-a3b5-66fc8258977c",
                "name": "PD Investasi Korporasi",
                "description": "PD Investasi Menengah",
                "category": "PD Investasi Menengah",
                "lastModifiedWhen": "2025-09-19T08:18:22.5330236"
              },
              {
                "segmentId": "817a96ba-6034-4a4e-b804-f44eb1dc4811",
                "name": "PD Investasi Menengah",
                "description": "PD Investasi Menengah",
                "category": "PD Investasi Menengah",
                "lastModifiedWhen": "2025-09-19T08:18:36.6118774"
              }
            ],
            "rules": [
              {
                "ruleId": "7089360f-d204-4de3-9029-a45bef4976d7",
                "name": "PD Investasi Korporasi",
                "description": "PD Investasi Korporasi",
                "priority": 1,
                "lastModifiedWhen": "2025-09-19T08:19:10.6240052",
                "segments": [
                  {
                    "segmentRuleId": "ca35c5c4-636f-4d5d-a62c-07ace97a1458",
                    "segmentId": "e3e253f2-c212-4162-a3b5-66fc8258977c",
                    "segmentName": "PD Investasi Korporasi",
                    "priority": 1
                  }
                ]
              },
              {
                "ruleId": "e99dd240-28a5-4310-adbd-5c18399ed6a7",
                "name": "PD Investasi Menengah",
                "description": "PD Investasi Menengah",
                "priority": 2,
                "lastModifiedWhen": "2025-09-19T08:19:03.1131874"
              }
            ],
            "hierarchies": [],
            "nodes": [
              {
                "id": "a17cc12b-f644-4a15-bdb1-bc6a678fd4f3",
                "path": "/PD segmentation BSSB",
                "name": "PD segmentation BSSB",
                "description": "PD segmentation BSSB",
                "nodeType": "Model"
              },
              {
                "id": "e3e253f2-c212-4162-a3b5-66fc8258977c",
                "path": "/PD segmentation BSSB/PD Investasi Korporasi",
                "name": "PD Investasi Korporasi",
                "description": "PD Investasi Menengah",
                "category": "PD Investasi Menengah",
                "nodeType": "Segment",
                "parentId": "a17cc12b-f644-4a15-bdb1-bc6a678fd4f3"
              },
              {
                "id": "817a96ba-6034-4a4e-b804-f44eb1dc4811",
                "path": "/PD segmentation BSSB/PD Investasi Menengah",
                "name": "PD Investasi Menengah",
                "description": "PD Investasi Menengah",
                "category": "PD Investasi Menengah",
                "nodeType": "Segment",
                "parentId": "a17cc12b-f644-4a15-bdb1-bc6a678fd4f3"
              }
            ]
          },
          "testSuites": {
            "testSuites": []
          }
        }
      },
      "Timestamp": "2025-09-19 08:19:10.643387",
      "ImpersonatedUserId": null
    },
    {
      "ActivityId": "00217c9b-82a5-4159-bf65-12e4e51653aa",
      "UserId": "856e360c-fa79-41e7-a5e4-a076c1d30502",
      "SourceId": "a17cc12b-f644-4a15-bdb1-bc6a678fd4f3",
      "Source": "Version",
      "Action": "UpdateVersion",
      "Description": "Updated version 1 of model PD segmentation BSSB",
      "Trace": {
        "versionSnapshot": {
          "versionId": "a17cc12b-f644-4a15-bdb1-bc6a678fd4f3",
          "version": 1,
          "status": "Draft",
          "createdBy": {
            "userId": "856e360c-fa79-41e7-a5e4-a076c1d30502",
            "name": "Ahmad Ridwan"
          },
          "createdWhen": "2025-09-19T08:17:46.307204",
          "lastModifiedBy": {
            "userId": "856e360c-fa79-41e7-a5e4-a076c1d30502",
            "name": "Ahmad Ridwan"
          },
          "lastModifiedWhen": "2025-09-19T08:19:29.7814503",
          "origin": {
            "origin": {
              "originType": "New"
            }
          },
          "model": {
            "modelId": "a81151f9-b785-4963-94d0-d72565ebd5a6",
            "name": "PD segmentation BSSB",
            "description": "PD segmentation BSSB",
            "isPrivate": false,
            "status": "Open",
            "createdBy": {
              "userId": "856e360c-fa79-41e7-a5e4-a076c1d30502",
              "name": "Ahmad Ridwan"
            },
            "createdWhen": "2025-09-19T08:17:46.307204",
            "lastModifiedBy": {
              "userId": "856e360c-fa79-41e7-a5e4-a076c1d30502",
              "name": "Ahmad Ridwan"
            },
            "lastModifiedWhen": "2025-09-19T08:19:29.7814503",
            "objectiveType": {
              "objectiveTypeId": "c84eec4a-5e3d-4e88-bf7f-2c7a22a54d76",
              "code": "Segmentation",
              "name": "Segmentation",
              "description": "Segmentation Model"
            },
            "modelType": {
              "modelTypeId": "43466d4c-8fc8-4b41-b4a7-415d9481a709",
              "name": "Simulation",
              "description": "Model simulation type",
              "style": {
                "border": "solid 1px #36116f",
                "backgroundColor": "#563d7c",
                "color": "white"
              }
            }
          },
          "segmentationConfiguration": {
            "segments": [
              {
                "segmentId": "e3e253f2-c212-4162-a3b5-66fc8258977c",
                "name": "PD Investasi Korporasi",
                "description": "PD Investasi Menengah",
                "category": "PD Investasi Menengah",
                "lastModifiedWhen": "2025-09-19T08:18:22.5330236"
              },
              {
                "segmentId": "817a96ba-6034-4a4e-b804-f44eb1dc4811",
                "name": "PD Investasi Menengah",
                "description": "PD Investasi Menengah",
                "category": "PD Investasi Menengah",
                "lastModifiedWhen": "2025-09-19T08:18:36.6118774"
              }
            ],
            "rules": [
              {
                "ruleId": "7089360f-d204-4de3-9029-a45bef4976d7",
                "name": "PD Investasi Korporasi",
                "description": "PD Investasi Korporasi",
                "priority": 1,
                "lastModifiedWhen": "2025-09-19T08:19:29.78138",
                "segments": [
                  {
                    "segmentRuleId": "ca35c5c4-636f-4d5d-a62c-07ace97a1458",
                    "segmentId": "e3e253f2-c212-4162-a3b5-66fc8258977c",
                    "segmentName": "PD Investasi Korporasi",
                    "priority": 1,
                    "condition": {
                      "conditionId": "2aecf690-6fa1-430a-b37b-1969ae37521e",
                      "conditions": [
                        {
                          "conditionId": "20aced73-b805-4c5e-b205-ae715986ecc0",
                          "field": "Segment",
                          "operator": "Equal",
                          "value": "Treasury"
                        }
                      ],
                      "combinator": "And"
                    }
                  }
                ]
              },
              {
                "ruleId": "e99dd240-28a5-4310-adbd-5c18399ed6a7",
                "name": "PD Investasi Menengah",
                "description": "PD Investasi Menengah",
                "priority": 2,
                "lastModifiedWhen": "2025-09-19T08:19:03.1131874"
              }
            ],
            "hierarchies": [],
            "nodes": [
              {
                "id": "a17cc12b-f644-4a15-bdb1-bc6a678fd4f3",
                "path": "/PD segmentation BSSB",
                "name": "PD segmentation BSSB",
                "description": "PD segmentation BSSB",
                "nodeType": "Model"
              },
              {
                "id": "e3e253f2-c212-4162-a3b5-66fc8258977c",
                "path": "/PD segmentation BSSB/PD Investasi Korporasi",
                "name": "PD Investasi Korporasi",
                "description": "PD Investasi Menengah",
                "category": "PD Investasi Menengah",
                "nodeType": "Segment",
                "parentId": "a17cc12b-f644-4a15-bdb1-bc6a678fd4f3"
              },
              {
                "id": "817a96ba-6034-4a4e-b804-f44eb1dc4811",
                "path": "/PD segmentation BSSB/PD Investasi Menengah",
                "name": "PD Investasi Menengah",
                "description": "PD Investasi Menengah",
                "category": "PD Investasi Menengah",
                "nodeType": "Segment",
                "parentId": "a17cc12b-f644-4a15-bdb1-bc6a678fd4f3"
              }
            ]
          },
          "testSuites": {
            "testSuites": []
          }
        }
      },
      "Timestamp": "2025-09-19 08:19:29.800572",
      "ImpersonatedUserId": null
    },
    {
      "ActivityId": "f6b020d1-3e85-4e0a-a5c0-005005145a17",
      "UserId": "856e360c-fa79-41e7-a5e4-a076c1d30502",
      "SourceId": "a17cc12b-f644-4a15-bdb1-bc6a678fd4f3",
      "Source": "Version",
      "Action": "UpdateVersion",
      "Description": "Updated version 1 of model PD segmentation BSSB",
      "Trace": {
        "versionSnapshot": {
          "versionId": "a17cc12b-f644-4a15-bdb1-bc6a678fd4f3",
          "version": 1,
          "status": "Draft",
          "createdBy": {
            "userId": "856e360c-fa79-41e7-a5e4-a076c1d30502",
            "name": "Ahmad Ridwan"
          },
          "createdWhen": "2025-09-19T08:17:46.307204",
          "lastModifiedBy": {
            "userId": "856e360c-fa79-41e7-a5e4-a076c1d30502",
            "name": "Ahmad Ridwan"
          },
          "lastModifiedWhen": "2025-09-19T08:21:13.4769581",
          "origin": {
            "origin": {
              "originType": "New"
            }
          },
          "model": {
            "modelId": "a81151f9-b785-4963-94d0-d72565ebd5a6",
            "name": "PD segmentation BSSB",
            "description": "PD segmentation BSSB",
            "isPrivate": false,
            "status": "Open",
            "createdBy": {
              "userId": "856e360c-fa79-41e7-a5e4-a076c1d30502",
              "name": "Ahmad Ridwan"
            },
            "createdWhen": "2025-09-19T08:17:46.307204",
            "lastModifiedBy": {
              "userId": "856e360c-fa79-41e7-a5e4-a076c1d30502",
              "name": "Ahmad Ridwan"
            },
            "lastModifiedWhen": "2025-09-19T08:21:13.4769581",
            "objectiveType": {
              "objectiveTypeId": "c84eec4a-5e3d-4e88-bf7f-2c7a22a54d76",
              "code": "Segmentation",
              "name": "Segmentation",
              "description": "Segmentation Model"
            },
            "modelType": {
              "modelTypeId": "43466d4c-8fc8-4b41-b4a7-415d9481a709",
              "name": "Simulation",
              "description": "Model simulation type",
              "style": {
                "border": "solid 1px #36116f",
                "backgroundColor": "#563d7c",
                "color": "white"
              }
            }
          },
          "segmentationConfiguration": {
            "segments": [
              {
                "segmentId": "e3e253f2-c212-4162-a3b5-66fc8258977c",
                "name": "PD Investasi Korporasi",
                "description": "PD Investasi Menengah",
                "category": "PD Investasi Menengah",
                "lastModifiedWhen": "2025-09-19T08:18:22.5330236"
              },
              {
                "segmentId": "817a96ba-6034-4a4e-b804-f44eb1dc4811",
                "name": "PD Investasi Menengah",
                "description": "PD Investasi Menengah",
                "category": "PD Investasi Menengah",
                "lastModifiedWhen": "2025-09-19T08:18:36.6118774"
              }
            ],
            "rules": [
              {
                "ruleId": "7089360f-d204-4de3-9029-a45bef4976d7",
                "name": "PD Investasi Korporasi",
                "description": "PD Investasi Korporasi",
                "priority": 1,
                "lastModifiedWhen": "2025-09-19T08:19:29.78138",
                "segments": [
                  {
                    "segmentRuleId": "ca35c5c4-636f-4d5d-a62c-07ace97a1458",
                    "segmentId": "e3e253f2-c212-4162-a3b5-66fc8258977c",
                    "segmentName": "PD Investasi Korporasi",
                    "priority": 1,
                    "condition": {
                      "conditionId": "2aecf690-6fa1-430a-b37b-1969ae37521e",
                      "conditions": [
                        {
                          "conditionId": "20aced73-b805-4c5e-b205-ae715986ecc0",
                          "field": "Segment",
                          "operator": "Equal",
                          "value": "Treasury"
                        }
                      ],
                      "combinator": "And"
                    }
                  }
                ]
              },
              {
                "ruleId": "e99dd240-28a5-4310-adbd-5c18399ed6a7",
                "name": "PD Investasi Menengah",
                "description": "PD Investasi Menengah",
                "priority": 2,
                "lastModifiedWhen": "2025-09-19T08:21:13.4768027",
                "segments": [
                  {
                    "segmentRuleId": "33e51e2f-e9e4-4cce-9266-ed7527131a35",
                    "segmentId": "817a96ba-6034-4a4e-b804-f44eb1dc4811",
                    "segmentName": "PD Investasi Menengah",
                    "priority": 1
                  }
                ]
              }
            ],
            "hierarchies": [],
            "nodes": [
              {
                "id": "a17cc12b-f644-4a15-bdb1-bc6a678fd4f3",
                "path": "/PD segmentation BSSB",
                "name": "PD segmentation BSSB",
                "description": "PD segmentation BSSB",
                "nodeType": "Model"
              },
              {
                "id": "e3e253f2-c212-4162-a3b5-66fc8258977c",
                "path": "/PD segmentation BSSB/PD Investasi Korporasi",
                "name": "PD Investasi Korporasi",
                "description": "PD Investasi Menengah",
                "category": "PD Investasi Menengah",
                "nodeType": "Segment",
                "parentId": "a17cc12b-f644-4a15-bdb1-bc6a678fd4f3"
              },
              {
                "id": "817a96ba-6034-4a4e-b804-f44eb1dc4811",
                "path": "/PD segmentation BSSB/PD Investasi Menengah",
                "name": "PD Investasi Menengah",
                "description": "PD Investasi Menengah",
                "category": "PD Investasi Menengah",
                "nodeType": "Segment",
                "parentId": "a17cc12b-f644-4a15-bdb1-bc6a678fd4f3"
              }
            ]
          },
          "testSuites": {
            "testSuites": []
          }
        }
      },
      "Timestamp": "2025-09-19 08:21:13.495605",
      "ImpersonatedUserId": null
    },
    {
      "ActivityId": "eba1cb48-9c5e-4c2b-a712-d2a7be50eccc",
      "UserId": "856e360c-fa79-41e7-a5e4-a076c1d30502",
      "SourceId": "a17cc12b-f644-4a15-bdb1-bc6a678fd4f3",
      "Source": "Version",
      "Action": "UpdateVersion",
      "Description": "Updated version 1 of model PD segmentation BSSB",
      "Trace": {
        "versionSnapshot": {
          "versionId": "a17cc12b-f644-4a15-bdb1-bc6a678fd4f3",
          "version": 1,
          "status": "Draft",
          "createdBy": {
            "userId": "856e360c-fa79-41e7-a5e4-a076c1d30502",
            "name": "Ahmad Ridwan"
          },
          "createdWhen": "2025-09-19T08:17:46.307204",
          "lastModifiedBy": {
            "userId": "856e360c-fa79-41e7-a5e4-a076c1d30502",
            "name": "Ahmad Ridwan"
          },
          "lastModifiedWhen": "2025-09-19T08:21:52.8531038",
          "origin": {
            "origin": {
              "originType": "New"
            }
          },
          "model": {
            "modelId": "a81151f9-b785-4963-94d0-d72565ebd5a6",
            "name": "PD segmentation BSSB",
            "description": "PD segmentation BSSB",
            "isPrivate": false,
            "status": "Open",
            "createdBy": {
              "userId": "856e360c-fa79-41e7-a5e4-a076c1d30502",
              "name": "Ahmad Ridwan"
            },
            "createdWhen": "2025-09-19T08:17:46.307204",
            "lastModifiedBy": {
              "userId": "856e360c-fa79-41e7-a5e4-a076c1d30502",
              "name": "Ahmad Ridwan"
            },
            "lastModifiedWhen": "2025-09-19T08:21:52.8531038",
            "objectiveType": {
              "objectiveTypeId": "c84eec4a-5e3d-4e88-bf7f-2c7a22a54d76",
              "code": "Segmentation",
              "name": "Segmentation",
              "description": "Segmentation Model"
            },
            "modelType": {
              "modelTypeId": "43466d4c-8fc8-4b41-b4a7-415d9481a709",
              "name": "Simulation",
              "description": "Model simulation type",
              "style": {
                "border": "solid 1px #36116f",
                "backgroundColor": "#563d7c",
                "color": "white"
              }
            }
          },
          "segmentationConfiguration": {
            "segments": [
              {
                "segmentId": "e3e253f2-c212-4162-a3b5-66fc8258977c",
                "name": "PD Investasi Korporasi",
                "description": "PD Investasi Menengah",
                "category": "PD Investasi Menengah",
                "lastModifiedWhen": "2025-09-19T08:18:22.5330236"
              },
              {
                "segmentId": "817a96ba-6034-4a4e-b804-f44eb1dc4811",
                "name": "PD Investasi Menengah",
                "description": "PD Investasi Menengah",
                "category": "PD Investasi Menengah",
                "lastModifiedWhen": "2025-09-19T08:18:36.6118774"
              }
            ],
            "rules": [
              {
                "ruleId": "7089360f-d204-4de3-9029-a45bef4976d7",
                "name": "PD Investasi Korporasi",
                "description": "PD Investasi Korporasi",
                "priority": 1,
                "lastModifiedWhen": "2025-09-19T08:19:29.78138",
                "segments": [
                  {
                    "segmentRuleId": "ca35c5c4-636f-4d5d-a62c-07ace97a1458",
                    "segmentId": "e3e253f2-c212-4162-a3b5-66fc8258977c",
                    "segmentName": "PD Investasi Korporasi",
                    "priority": 1,
                    "condition": {
                      "conditionId": "2aecf690-6fa1-430a-b37b-1969ae37521e",
                      "conditions": [
                        {
                          "conditionId": "20aced73-b805-4c5e-b205-ae715986ecc0",
                          "field": "Segment",
                          "operator": "Equal",
                          "value": "Treasury"
                        }
                      ],
                      "combinator": "And"
                    }
                  }
                ]
              },
              {
                "ruleId": "e99dd240-28a5-4310-adbd-5c18399ed6a7",
                "name": "PD Investasi Menengah",
                "description": "PD Investasi Menengah",
                "priority": 2,
                "lastModifiedWhen": "2025-09-19T08:21:52.852785",
                "segments": [
                  {
                    "segmentRuleId": "33e51e2f-e9e4-4cce-9266-ed7527131a35",
                    "segmentId": "817a96ba-6034-4a4e-b804-f44eb1dc4811",
                    "segmentName": "PD Investasi Menengah",
                    "priority": 1,
                    "condition": {
                      "conditionId": "d5ed18ff-bdcb-46fd-b959-c1b90a64861a",
                      "conditions": [
                        {
                          "conditionId": "e0f977f9-45c2-456b-8093-d003a3b2edbe",
                          "field": "ProductSubtype",
                          "operator": "In",
                          "value": "",
                          "values": [
                            "Bond"
                          ]
                        }
                      ],
                      "combinator": "And"
                    }
                  }
                ]
              }
            ],
            "hierarchies": [],
            "nodes": [
              {
                "id": "a17cc12b-f644-4a15-bdb1-bc6a678fd4f3",
                "path": "/PD segmentation BSSB",
                "name": "PD segmentation BSSB",
                "description": "PD segmentation BSSB",
                "nodeType": "Model"
              },
              {
                "id": "e3e253f2-c212-4162-a3b5-66fc8258977c",
                "path": "/PD segmentation BSSB/PD Investasi Korporasi",
                "name": "PD Investasi Korporasi",
                "description": "PD Investasi Menengah",
                "category": "PD Investasi Menengah",
                "nodeType": "Segment",
                "parentId": "a17cc12b-f644-4a15-bdb1-bc6a678fd4f3"
              },
              {
                "id": "817a96ba-6034-4a4e-b804-f44eb1dc4811",
                "path": "/PD segmentation BSSB/PD Investasi Menengah",
                "name": "PD Investasi Menengah",
                "description": "PD Investasi Menengah",
                "category": "PD Investasi Menengah",
                "nodeType": "Segment",
                "parentId": "a17cc12b-f644-4a15-bdb1-bc6a678fd4f3"
              }
            ]
          },
          "testSuites": {
            "testSuites": []
          }
        }
      },
      "Timestamp": "2025-09-19 08:21:52.872231",
      "ImpersonatedUserId": null
    }
  ]
}