{
  "users": {
    "283766f2-7bc7-4cca-ba29-f9f681869575": {
      "UserId": "283766f2-7bc7-4cca-ba29-f9f681869575",
      "Username": "PeanutS",
      "AvatarName": "avatar-283766f2-7bc7-4cca-ba29-f9f681869575-0fd8fde5.png"
    },
    "c3e5d903-b048-4018-a56c-f0fc556d944d": {
      "UserId": "c3e5d903-b048-4018-a56c-f0fc556d944d",
      "Username": "chaiyawut.karnsompian@elysiannxt.com",
      "AvatarName": "avatar-c3e5d903-b048-4018-a56c-f0fc556d944d-788739cd.png"
    },
    "c791e001-ac99-457f-ba8d-5b86391b1863": {
      "UserId": "c791e001-ac99-457f-ba8d-5b86391b1863",
      "Username": "chris.puype@elysiannxt.com",
      "AvatarName": "avatar-c791e001-ac99-457f-ba8d-5b86391b1863-5513378f.png"
    },
    "ca72c7db-028c-4d64-b5ca-d43dc892e35c": {
      "UserId": "ca72c7db-028c-4d64-b5ca-d43dc892e35c",
      "Username": "KristofD",
      "AvatarName": "avatar-ca72c7db-028c-4d64-b5ca-d43dc892e35c-85c69b52.png"
    },
    "c8537c82-5253-49ca-82df-28df8e00131c": {
      "UserId": "c8537c82-5253-49ca-82df-28df8e00131c",
      "Username": "supab.saelim@elysiannxt.com",
      "AvatarName": "avatar-c8537c82-5253-49ca-82df-28df8e00131c-7ca8379b.png"
    },
    "c82e363d-61db-4414-8e8c-e150ac59fea2": {
      "UserId": "c82e363d-61db-4414-8e8c-e150ac59fea2",
      "Username": "peanut.sumranchit@elysiannxt.com",
      "AvatarName": "avatar-c82e363d-61db-4414-8e8c-e150ac59fea2-5e6e412b.png"
    },
    "c8ad1b03-3c73-4ea2-9b22-ee34b7246aa7": {
      "UserId": "c8ad1b03-3c73-4ea2-9b22-ee34b7246aa7",
      "Username": "Elysian01",
      "AvatarName": "avatar-c8ad1b03-3c73-4ea2-9b22-ee34b7246aa7-e6f34eb4.png"
    },
    "8d1e741e-99ff-4d3d-b59a-c5bfce4b569b": {
      "UserId": "8d1e741e-99ff-4d3d-b59a-c5bfce4b569b",
      "Username": "UserDemo02",
      "AvatarName": "avatar-8d1e741e-99ff-4d3d-b59a-c5bfce4b569ba42ffeaa.png"
    },
    "c967550b-f0f7-497a-913d-a47d0e349ef2": {
      "UserId": "c967550b-f0f7-497a-913d-a47d0e349ef2",
      "Username": "IceS",
      "AvatarName": "avatar-c967550b-f0f7-497a-913d-a47d0e349ef2-0f2ff3b5.png"
    },
    "d2c68433-3371-4d45-9f41-1362b03b1ebf": {
      "UserId": "d2c68433-3371-4d45-9f41-1362b03b1ebf",
      "Username": "ChaiyawutK",
      "AvatarName": "avatar-d2c68433-3371-4d45-9f41-1362b03b1ebf-1c91d101.png"
    },
    "d7126c07-bb1f-43be-a788-9e726e3d684e": {
      "UserId": "d7126c07-bb1f-43be-a788-9e726e3d684e",
      "Username": "VandyW",
      "AvatarName": "avatar-d7126c07-bb1f-43be-a788-9e726e3d684e-ef03200c.png"
    },
    "dcfa1180-e67c-43df-a42e-7e411a4a261b": {
      "UserId": "dcfa1180-e67c-43df-a42e-7e411a4a261b",
      "Username": "nateekan.tangrom@elysiannxt.com",
      "AvatarName": "avatar-dcfa1180-e67c-43df-a42e-7e411a4a261b-e7604bba.png"
    },
    "dc167322-b8cd-4f95-be00-73c2bb20152d": {
      "UserId": "dc167322-b8cd-4f95-be00-73c2bb20152d",
      "Username": "nutthanon.thangjintawiwat@elysiannxt.com",
      "AvatarName": "avatar-dc167322-b8cd-4f95-be00-73c2bb20152d-86a72b66.png"
    },
    "ddf6dcf4-20a0-4261-a546-a8b42e423bc8": {
      "UserId": "ddf6dcf4-20a0-4261-a546-a8b42e423bc8",
      "Username": "NatchayalakK",
      "AvatarName": "avatar-ddf6dcf4-20a0-4261-a546-a8b42e423bc8-abbd132b.png"
    },
    "e07631a4-f6b2-4c17-a0c6-865c31c49be4": {
      "UserId": "e07631a4-f6b2-4c17-a0c6-865c31c49be4",
      "Username": "UbonwannaK",
      "AvatarName": "avatar-e07631a4-f6b2-4c17-a0c6-865c31c49be4-7fd9cf08.png"
    },
    "dcb9a1b6-7e57-4376-a7c5-3f6c721dbd55": {
      "UserId": "dcb9a1b6-7e57-4376-a7c5-3f6c721dbd55",
      "Username": "SorakrichS",
      "AvatarName": "avatar-dcb9a1b6-7e57-4376-a7c5-3f6c721dbd55-6d8ac9b6.png"
    },
    "d84ef671-57e6-448a-aa02-29df68d43986": {
      "UserId": "d84ef671-57e6-448a-aa02-29df68d43986",
      "Username": "PeterC",
      "AvatarName": "avatar-d84ef671-57e6-448a-aa02-29df68d43986-4238a9cc.png"
    },
    "df6b8fd1-adea-4d36-931c-47eb1c689e32": {
      "UserId": "df6b8fd1-adea-4d36-931c-47eb1c689e32",
      "Username": "WorasitP",
      "AvatarName": "avatar-df6b8fd1-adea-4d36-931c-47eb1c689e32-6e9c21a8.png"
    },
    "f35680f4-6102-4e50-a717-2d0ba312022a": {
      "UserId": "f35680f4-6102-4e50-a717-2d0ba312022a",
      "Username": "ArisW",
      "AvatarName": "avatar-f35680f4-6102-4e50-a717-2d0ba312022a-647f34c5.png"
    },
    "e42dfc55-dbfa-434a-a2de-10184fb7c1fe": {
      "UserId": "e42dfc55-dbfa-434a-a2de-10184fb7c1fe",
      "Username": "KrittikornC",
      "AvatarName": "avatar-e42dfc55-dbfa-434a-a2de-10184fb7c1fe-0eb9a2c5.png"
    },
    "e5f04f8b-0cc8-4962-a1c7-6856862e1492": {
      "UserId": "e5f04f8b-0cc8-4962-a1c7-6856862e1492",
      "Username": "JirachayaK",
      "AvatarName": "avatar-e5f04f8b-0cc8-4962-a1c7-6856862e1492-ec9c67df.png"
    },
    "ec925736-3dd8-4bbb-a8b2-9f8d24edeefb": {
      "UserId": "ec925736-3dd8-4bbb-a8b2-9f8d24edeefb",
      "Username": "TijsV",
      "AvatarName": "avatar-ec925736-3dd8-4bbb-a8b2-9f8d24edeefb-9a7056b3.png"
    },
    "f4ac8049-9a51-4324-9c3b-fa5a76d755cc": {
      "UserId": "f4ac8049-9a51-4324-9c3b-fa5a76d755cc",
      "Username": "dante.vanhooydonck@elysiannxt.com",
      "AvatarName": "avatar-f4ac8049-9a51-4324-9c3b-fa5a76d755cc-95f74ce7.png"
    },
    "2b9477fa-57eb-43ce-9191-9cda0bf551bd": {
      "UserId": "2b9477fa-57eb-43ce-9191-9cda0bf551bd",
      "Username": "jatuvut.wanwarothon@elysiannxt.com",
      "AvatarName": "avatar-2b9477fa-57eb-43ce-9191-9cda0bf551bd-8604a602.png"
    },
    "f81e623e-efb2-4029-af4e-e6ad7fb478cf": {
      "UserId": "f81e623e-efb2-4029-af4e-e6ad7fb478cf",
      "Username": "kittipan.chuenbunperm@elysiannxt.com",
      "AvatarName": "avatar-f81e623e-efb2-4029-af4e-e6ad7fb478cf-b34f493c.png"
    },
    "e370661b-d27c-4c44-94af-ce0003cca128": {
      "UserId": "e370661b-d27c-4c44-94af-ce0003cca128",
      "Username": "ubonwanna.kirawitaya@elysiannxt.com",
      "AvatarName": "avatar-e370661b-d27c-4c44-94af-ce0003cca128-356cc9d0.png"
    },
    "02347846-22a6-4c9f-96cc-07625145b6cc": {
      "UserId": "02347846-22a6-4c9f-96cc-07625145b6cc",
      "Username": "natcharee.thainan@elysiannxt.com",
      "AvatarName": "avatar-02347846-22a6-4c9f-96cc-07625145b6cc-eaeca74d.png"
    },
    "0d3d131e-0ba5-4199-b116-9afc9b856c1e": {
      "UserId": "0d3d131e-0ba5-4199-b116-9afc9b856c1e",
      "Username": "peter.cahyadi@elysiannxt.com",
      "AvatarName": "avatar-0d3d131e-0ba5-4199-b116-9afc9b856c1e-25e1c2f6.png"
    },
    "04b6cd1d-80be-485c-8d29-a484df181e36": {
      "UserId": "04b6cd1d-80be-485c-8d29-a484df181e36",
      "Username": "KawalinU",
      "AvatarName": "avatar-04b6cd1d-80be-485c-8d29-a484df181e36-4e4416cd.png"
    },
    "068f108e-19b7-4ebe-9132-cd9c19bbd549": {
      "UserId": "068f108e-19b7-4ebe-9132-cd9c19bbd549",
      "Username": "PatiphonA",
      "AvatarName": "avatar-068f108e-19b7-4ebe-9132-cd9c19bbd549-2ff3e5b5.png"
    },
    "08afbd50-84c5-466e-beb2-ca111b4899a8": {
      "UserId": "08afbd50-84c5-466e-beb2-ca111b4899a8",
      "Username": "NatchareeT",
      "AvatarName": "avatar-08afbd50-84c5-466e-beb2-ca111b4899a8-d670d149.png"
    },
    "0927ed92-d119-44cf-818e-a92212798163": {
      "UserId": "0927ed92-d119-44cf-818e-a92212798163",
      "Username": "kristof.demeulemeester@elysiannxt.com",
      "AvatarName": "avatar-0927ed92-d119-44cf-818e-a92212798163-fc9054cc.png"
    },
    "0b55ebec-6ca2-453a-b478-e36734aa91ab": {
      "UserId": "0b55ebec-6ca2-453a-b478-e36734aa91ab",
      "Username": "PietM",
      "AvatarName": "avatar-0b55ebec-6ca2-453a-b478-e36734aa91ab-7662e139.png"
    },
    "0a8ed8bb-e9c3-4642-af35-1ac023617c2a": {
      "UserId": "0a8ed8bb-e9c3-4642-af35-1ac023617c2a",
      "Username": "natchayalak.kuljittiariya@elysiannxt.com",
      "AvatarName": "avatar-0a8ed8bb-e9c3-4642-af35-1ac023617c2a-e6a4eb0d.png"
    },
    "0b4806d3-1920-4e1c-a7bd-9e0efe821491": {
      "UserId": "0b4806d3-1920-4e1c-a7bd-9e0efe821491",
      "Username": "krittikorn.chulasathid@elysiannxt.com",
      "AvatarName": "avatar-0b4806d3-1920-4e1c-a7bd-9e0efe821491-883c5fa9.png"
    },
    "10797529-5c45-4a2d-87c6-c4b8966b1894": {
      "UserId": "10797529-5c45-4a2d-87c6-c4b8966b1894",
      "Username": "nattawuth.lueangsomboon@elysiannxt.com",
      "AvatarName": "avatar-10797529-5c45-4a2d-87c6-c4b8966b1894-57a7f553.png"
    },
    "14d33e21-2d4c-4880-b7a7-8fa206ac9b91": {
      "UserId": "14d33e21-2d4c-4880-b7a7-8fa206ac9b91",
      "Username": "SamartF",
      "AvatarName": "avatar-14d33e21-2d4c-4880-b7a7-8fa206ac9b91-a7f6462b.png"
    },
    "15cc2c74-5e73-4db0-a73f-514e023de4a6": {
      "UserId": "15cc2c74-5e73-4db0-a73f-514e023de4a6",
      "Username": "SumethW",
      "AvatarName": "avatar-15cc2c74-5e73-4db0-a73f-514e023de4a6-18e6814f.png"
    },
    "1ab83d0e-4c88-4a0d-9324-55d0922cab95": {
      "UserId": "1ab83d0e-4c88-4a0d-9324-55d0922cab95",
      "Username": "TanawatS",
      "AvatarName": "avatar-1ab83d0e-4c88-4a0d-9324-55d0922cab95-d3bbcabc.png"
    },
    "288cc02c-6e6e-48f3-a2c6-9bbe1dd9411e": {
      "UserId": "288cc02c-6e6e-48f3-a2c6-9bbe1dd9411e",
      "Username": "NateekanT",
      "AvatarName": "avatar-288cc02c-6e6e-48f3-a2c6-9bbe1dd9411e-70a521bd.png"
    },
    "1874660c-7274-41af-8b15-e97fae6d7f53": {
      "UserId": "1874660c-7274-41af-8b15-e97fae6d7f53",
      "Username": "KaritE",
      "AvatarName": "avatar-1874660c-7274-41af-8b15-e97fae6d7f53-82fe721a.png"
    },
    "207a77a7-93c9-4066-9d32-a5965da2eafc": {
      "UserId": "207a77a7-93c9-4066-9d32-a5965da2eafc",
      "Username": "jirachaya.kullertprasert@elysiannxt.com",
      "AvatarName": "avatar-207a77a7-93c9-4066-9d32-a5965da2eafc-439f1514.png"
    },
    "283c3006-69f7-4259-9531-05b745a6e35a": {
      "UserId": "283c3006-69f7-4259-9531-05b745a6e35a",
      "Username": "NidaK",
      "AvatarName": "avatar-283c3006-69f7-4259-9531-05b745a6e35a-921a3cad.png"
    },
    "28a9d5b6-ab50-4538-aae9-ca3ed9f9aea5": {
      "UserId": "28a9d5b6-ab50-4538-aae9-ca3ed9f9aea5",
      "Username": "yosy.valentino@elysiannxt.com",
      "AvatarName": "avatar-28a9d5b6-ab50-4538-aae9-ca3ed9f9aea5-5ea250b7.png"
    },
    "291b47d9-5d79-4798-8cfb-e5d8a6306392": {
      "UserId": "291b47d9-5d79-4798-8cfb-e5d8a6306392",
      "Username": "YosyV",
      "AvatarName": "avatar-291b47d9-5d79-4798-8cfb-e5d8a6306392-74a5d284.png"
    },
    "299fd468-6f7d-477c-bb42-68bdea79c224": {
      "UserId": "299fd468-6f7d-477c-bb42-68bdea79c224",
      "Username": "KornpatS",
      "AvatarName": "avatar-299fd468-6f7d-477c-bb42-68bdea79c224-24b2accc.png"
    },
    "361dd448-d49a-4662-a6eb-20492622f32c": {
      "UserId": "361dd448-d49a-4662-a6eb-20492622f32c",
      "Username": "ArdilensT",
      "AvatarName": "avatar-361dd448-d49a-4662-a6eb-20492622f32c-f2582f0b.png"
    },
    "2e3cec33-22b1-4bfd-b28f-f5d6d40cb772": {
      "UserId": "2e3cec33-22b1-4bfd-b28f-f5d6d40cb772",
      "Username": "NilsB",
      "AvatarName": "avatar-2e3cec33-22b1-4bfd-b28f-f5d6d40cb772-cb48e143.png"
    },
    "302c02a4-ebf0-411d-9b8d-be2899ba523c": {
      "UserId": "302c02a4-ebf0-411d-9b8d-be2899ba523c",
      "Username": "anatcharee.duangkhamsawad@elysiannxt.com",
      "AvatarName": "avatar-302c02a4-ebf0-411d-9b8d-be2899ba523c-0d767b50.png"
    },
    "354d63df-8d24-4700-af47-eae0eac8a50f": {
      "UserId": "354d63df-8d24-4700-af47-eae0eac8a50f",
      "Username": "prakit.wongnuntananon@elysiannxt.com",
      "AvatarName": "avatar-354d63df-8d24-4700-af47-eae0eac8a50f-3cc1f895.png"
    },
    "39452142-e0e2-4bbb-a33b-47eb36846110": {
      "UserId": "39452142-e0e2-4bbb-a33b-47eb36846110",
      "Username": "AdhityaD",
      "AvatarName": "avatar-39452142-e0e2-4bbb-a33b-47eb36846110-e0a79bb0.png"
    },
    "299f7bce-c135-4bee-ba52-fb8dfdc8728c": {
      "UserId": "299f7bce-c135-4bee-ba52-fb8dfdc8728c",
      "Username": "JarukitP",
      "AvatarName": "avatar-299f7bce-c135-4bee-ba52-fb8dfdc8728c-ba8d507a.png"
    },
    "3d3d311e-f63a-4aaf-9a42-514ac24f19df": {
      "UserId": "3d3d311e-f63a-4aaf-9a42-514ac24f19df",
      "Username": "PrakitW",
      "AvatarName": "avatar-3d3d311e-f63a-4aaf-9a42-514ac24f19df-4d9f16af.png"
    },
    "4f09719c-ab0e-424f-a4b4-b2815c2fd517": {
      "UserId": "4f09719c-ab0e-424f-a4b4-b2815c2fd517",
      "Username": "karit.eakbovornphak@elysiannxt.com",
      "AvatarName": "avatar-4f09719c-ab0e-424f-a4b4-b2815c2fd517-308a62e0.png"
    },
    "7a73eeb2-a5fd-4280-a766-1b4eb059e3b3": {
      "UserId": "7a73eeb2-a5fd-4280-a766-1b4eb059e3b3",
      "Username": "Workshop03",
      "AvatarName": "avatar-7a73eeb2-a5fd-4280-a766-1b4eb059e3b3772127b7.png"
    },
    "5223df4f-1c67-4f3d-884d-58b0ef85d8ad": {
      "UserId": "5223df4f-1c67-4f3d-884d-58b0ef85d8ad",
      "Username": "KrissanaL",
      "AvatarName": "avatar-5223df4f-1c67-4f3d-884d-58b0ef85d8ad-dc9cd197.png"
    },
    "58e11be1-6b1f-4240-a422-3ae8c7fffcaa": {
      "UserId": "58e11be1-6b1f-4240-a422-3ae8c7fffcaa",
      "Username": "VarittaS",
      "AvatarName": "avatar-58e11be1-6b1f-4240-a422-3ae8c7fffcaa-947ab8c1.png"
    },
    "631a4265-b5b8-479d-9ac5-3ff40a5700f4": {
      "UserId": "631a4265-b5b8-479d-9ac5-3ff40a5700f4",
      "Username": "Sbi_01",
      "AvatarName": "avatar-631a4265-b5b8-479d-9ac5-3ff40a5700f4-da952d72.png"
    },
    "58042ac4-5500-4dcf-9f0c-8440f2fdda58": {
      "UserId": "58042ac4-5500-4dcf-9f0c-8440f2fdda58",
      "Username": "JonatanP",
      "AvatarName": "avatar-58042ac4-5500-4dcf-9f0c-8440f2fdda58-f90feddc.png"
    },
    "5ed72abf-b85a-4b67-a7e4-7f8e6dcc69ac": {
      "UserId": "5ed72abf-b85a-4b67-a7e4-7f8e6dcc69ac",
      "Username": "varitta.sombunying@elysiannxt.com",
      "AvatarName": "avatar-5ed72abf-b85a-4b67-a7e4-7f8e6dcc69ac-42847469.png"
    },
    "68d61caf-86b2-49f0-951b-9218add5a59f": {
      "UserId": "68d61caf-86b2-49f0-951b-9218add5a59f",
      "Username": "KittipanC",
      "AvatarName": "avatar-68d61caf-86b2-49f0-951b-9218add5a59f-dac069e5.png"
    },
    "692dafef-a58b-476a-a14a-495d8707f5b5": {
      "UserId": "692dafef-a58b-476a-a14a-495d8707f5b5",
      "Username": "SitanunB",
      "AvatarName": "avatar-692dafef-a58b-476a-a14a-495d8707f5b5-84eb7226.png"
    },
    "6c1fef30-efc5-4a05-84ed-e97c20aadceb": {
      "UserId": "6c1fef30-efc5-4a05-84ed-e97c20aadceb",
      "Username": "nils.bertels@elysiannxt.com",
      "AvatarName": "avatar-6c1fef30-efc5-4a05-84ed-e97c20aadceb-95230384.png"
    },
    "6d744bb6-28f2-4203-9143-88472d2c36c5": {
      "UserId": "6d744bb6-28f2-4203-9143-88472d2c36c5",
      "Username": "ChayananL",
      "AvatarName": "avatar-6d744bb6-28f2-4203-9143-88472d2c36c5-6a6205b7.png"
    },
    "7ffae0e5-bb66-4147-96f4-dc585af78631": {
      "UserId": "7ffae0e5-bb66-4147-96f4-dc585af78631",
      "Username": "AnatchareeD",
      "AvatarName": "avatar-7ffae0e5-bb66-4147-96f4-dc585af78631-ea70b138.png"
    },
    "6b4ddb60-3482-431c-8140-21229a313e11": {
      "UserId": "6b4ddb60-3482-431c-8140-21229a313e11",
      "Username": "tijs.vandormael@elysiannxt.com",
      "AvatarName": "avatar-6b4ddb60-3482-431c-8140-21229a313e11-1242073a.png"
    },
    "6e1a10fb-704b-42be-80e8-f7014c29653e": {
      "UserId": "6e1a10fb-704b-42be-80e8-f7014c29653e",
      "Username": "tul.pannengpet@elysiannxt.com",
      "AvatarName": "avatar-6e1a10fb-704b-42be-80e8-f7014c29653e-78193b8d.png"
    },
    "65666d97-7141-4320-846f-4fa7db60b64f": {
      "UserId": "65666d97-7141-4320-846f-4fa7db60b64f",
      "Username": "poramet.siriwattanacharoenchai@elysiannxt.com",
      "AvatarName": "avatar-65666d97-7141-4320-846f-4fa7db60b64f-57438622.png"
    },
    "85be446f-f3fa-48a0-aa75-2c0c00b8090a": {
      "UserId": "85be446f-f3fa-48a0-aa75-2c0c00b8090a",
      "Username": "MatthiasC",
      "AvatarName": "avatar-85be446f-f3fa-48a0-aa75-2c0c00b8090a-cc6e97ab.png"
    },
    "87beb683-67c4-41cf-bc3f-39133912aa87": {
      "UserId": "87beb683-67c4-41cf-bc3f-39133912aa87",
      "Username": "ardilens.tambunan@elysiannxt.com",
      "AvatarName": "avatar-87beb683-67c4-41cf-bc3f-39133912aa87-a5f3b629.png"
    },
    "88ff94a9-afb8-4e39-a5f7-c1e93896754f": {
      "UserId": "88ff94a9-afb8-4e39-a5f7-c1e93896754f",
      "Username": "ChrisP",
      "AvatarName": "avatar-88ff94a9-afb8-4e39-a5f7-c1e93896754f-e0e07e1c.png"
    },
    "9beb0179-016a-47e7-8578-c94495dd64af": {
      "UserId": "9beb0179-016a-47e7-8578-c94495dd64af",
      "Username": "SupabS",
      "AvatarName": "avatar-9beb0179-016a-47e7-8578-c94495dd64af-260baf83.png"
    },
    "9d4075d5-fc73-41f4-9a91-82993a2271d1": {
      "UserId": "9d4075d5-fc73-41f4-9a91-82993a2271d1",
      "Username": "apinant.usuwantim@elysiannxt.com",
      "AvatarName": "avatar-9d4075d5-fc73-41f4-9a91-82993a2271d1-047f5c09.png"
    },
    "85e26251-38cf-45ac-8675-4a4850558fdf": {
      "UserId": "85e26251-38cf-45ac-8675-4a4850558fdf",
      "Username": "matthias.coessens@elysiannxt.com",
      "AvatarName": "avatar-85e26251-38cf-45ac-8675-4a4850558fdf-f3b8dd43.png"
    },
    "19274c55-0ba2-43b0-b65c-42b41e9a5e15": {
      "UserId": "19274c55-0ba2-43b0-b65c-42b41e9a5e15",
      "Username": "UserDemo01",
      "AvatarName": "avatar-19274c55-0ba2-43b0-b65c-42b41e9a5e155e9413dd.png"
    },
    "86534ce0-e415-4ed1-bf64-c6b3cc3c298c": {
      "UserId": "86534ce0-e415-4ed1-bf64-c6b3cc3c298c",
      "Username": "NichchaK",
      "AvatarName": "avatar-86534ce0-e415-4ed1-bf64-c6b3cc3c298c-440ba2c2.png"
    },
    "9cdd185f-ea42-4776-8c08-e8e24e719092": {
      "UserId": "9cdd185f-ea42-4776-8c08-e8e24e719092",
      "Username": "PorametS",
      "AvatarName": "avatar-9cdd185f-ea42-4776-8c08-e8e24e719092-ef972497.png"
    },
    "89a161fd-03c4-4e19-b519-40c90d8b1d89": {
      "UserId": "89a161fd-03c4-4e19-b519-40c90d8b1d89",
      "Username": "SomY",
      "AvatarName": "avatar-89a161fd-03c4-4e19-b519-40c90d8b1d89-9534ad54.png"
    },
    "afafdd02-b979-4795-a72c-84f224861888": {
      "UserId": "afafdd02-b979-4795-a72c-84f224861888",
      "Username": "ice.sitepu@elysiannxt.com",
      "AvatarName": "avatar-afafdd02-b979-4795-a72c-84f224861888-df6c966e.png"
    },
    "a4f18001-f943-4d96-b553-53dfa4ac7c72": {
      "UserId": "a4f18001-f943-4d96-b553-53dfa4ac7c72",
      "Username": "porcha.meecharoen@elysiannxt.com",
      "AvatarName": "avatar-a4f18001-f943-4d96-b553-53dfa4ac7c72-ea8e1d83.png"
    },
    "a708bb8e-a84d-41d8-8f2c-36c80704e29c": {
      "UserId": "a708bb8e-a84d-41d8-8f2c-36c80704e29c",
      "Username": "Sbi_03",
      "AvatarName": "avatar-a708bb8e-a84d-41d8-8f2c-36c80704e29c-afe1706d.png"
    },
    "aa9af40f-a685-4ede-8203-6a70d6057a0a": {
      "UserId": "aa9af40f-a685-4ede-8203-6a70d6057a0a",
      "Username": "Sbi_02",
      "AvatarName": "avatar-aa9af40f-a685-4ede-8203-6a70d6057a0a-1c974c86.png"
    },
    "aab6d987-fd13-41c2-9727-fb96749d629c": {
      "UserId": "aab6d987-fd13-41c2-9727-fb96749d629c",
      "Username": "PittawasC",
      "AvatarName": "avatar-aab6d987-fd13-41c2-9727-fb96749d629c-4a5951c4.png"
    },
    "b487b4d6-38ac-4cad-9c51-ea9481260357": {
      "UserId": "b487b4d6-38ac-4cad-9c51-ea9481260357",
      "Username": "krissana.leawchavalit@elysiannxt.com",
      "AvatarName": "avatar-b487b4d6-38ac-4cad-9c51-ea9481260357-a0a9d400.png"
    },
    "bd4fb83e-bdb6-46d3-b8d1-243c6f62ca13": {
      "UserId": "bd4fb83e-bdb6-46d3-b8d1-243c6f62ca13",
      "Username": "patiphon.arunrattananukun@elysiannxt.com",
      "AvatarName": "avatar-bd4fb83e-bdb6-46d3-b8d1-243c6f62ca13-374f425f.png"
    },
    "bb83faf3-fb9c-4d30-bc9c-e067f83e5adc": {
      "UserId": "bb83faf3-fb9c-4d30-bc9c-e067f83e5adc",
      "Username": "tanawat.srijarattanon@elysiannxt.com",
      "AvatarName": "avatar-bb83faf3-fb9c-4d30-bc9c-e067f83e5adc-df3fe1b9.png"
    },
    "a1aa8e87-f011-4d60-bbb6-cc7e94b867a2": {
      "UserId": "a1aa8e87-f011-4d60-bbb6-cc7e94b867a2",
      "Username": "SuretranT",
      "AvatarName": "avatar-a1aa8e87-f011-4d60-bbb6-cc7e94b867a2-059062ba.png"
    },
    "a22de4db-adf2-47d2-bda6-36a16f244da8": {
      "UserId": "a22de4db-adf2-47d2-bda6-36a16f244da8",
      "Username": "chayanan.leksunthorn@elysiannxt.com",
      "AvatarName": "avatar-a22de4db-adf2-47d2-bda6-36a16f244da8-5f41330d.png"
    },
    "2becfa56-21e4-4ed4-9ea1-9edcf8393175": {
      "UserId": "2becfa56-21e4-4ed4-9ea1-9edcf8393175",
      "Username": "jarukit.phattanapornkul@elysiannxt.com",
      "AvatarName": "avatar-2becfa56-21e4-4ed4-9ea1-9edcf8393175-be640140.png"
    },
    "01ff8ece-addf-46b7-98a6-076ffb43e7e6": {
      "UserId": "01ff8ece-addf-46b7-98a6-076ffb43e7e6",
      "Username": "pittawas.choochuea@elysiannxt.com",
      "AvatarName": "avatar-01ff8ece-addf-46b7-98a6-076ffb43e7e6-352f78c1.png"
    },
    "278359d0-d863-4c68-ac3d-edca6c43ceb7": {
      "UserId": "278359d0-d863-4c68-ac3d-edca6c43ceb7",
      "Username": "jonatan.puype@elysiannxt.com",
      "AvatarName": "avatar-278359d0-d863-4c68-ac3d-edca6c43ceb7-59941a67.png"
    },
    "7f5b0a0c-fac3-4d3b-90dc-3cba2b9ed1df": {
      "UserId": "7f5b0a0c-fac3-4d3b-90dc-3cba2b9ed1df",
      "Username": "adhitya.dwianggoro@elysiannxt.com",
      "AvatarName": "avatar-7f5b0a0c-fac3-4d3b-90dc-3cba2b9ed1df-07d3af1b.png"
    },
    "a4311da6-5fdc-4d64-8962-c9997d12efe8": {
      "UserId": "a4311da6-5fdc-4d64-8962-c9997d12efe8",
      "Username": "EconnectUser",
      "AvatarName": "avatar-a4311da6-5fdc-4d64-8962-c9997d12efe8471e2fe4.png"
    },
    "2a7f83b2-6867-41a1-972e-d68ff7fb8f12": {
      "UserId": "2a7f83b2-6867-41a1-972e-d68ff7fb8f12",
      "Username": "worasit.phanaworakij@elysiannxt.com",
      "AvatarName": "avatar-2a7f83b2-6867-41a1-972e-d68ff7fb8f12-d6d7b318.png"
    },
    "3b4ba48c-d39a-4e5b-9577-1f4f1f0f7c12": {
      "UserId": "3b4ba48c-d39a-4e5b-9577-1f4f1f0f7c12",
      "Username": "suretran.thirapochna@elysiannxt.com",
      "AvatarName": "avatar-3b4ba48c-d39a-4e5b-9577-1f4f1f0f7c12-a3c6fb76.png"
    },
    "d8691bce-6726-4d13-b368-3324371534b9": {
      "UserId": "d8691bce-6726-4d13-b368-3324371534b9",
      "Username": "nichcha.kanuenghet@elysiannxt.com",
      "AvatarName": "avatar-d8691bce-6726-4d13-b368-3324371534b9-8858c614.png"
    },
    "46629ecd-85e2-4097-b9fb-94daefea7370": {
      "UserId": "46629ecd-85e2-4097-b9fb-94daefea7370",
      "Username": "kornpat.sangthongsuk@elysiannxt.com",
      "AvatarName": "avatar-46629ecd-85e2-4097-b9fb-94daefea7370-e2c9d294.png"
    },
    "c744542c-77a5-4aed-b49d-f1b2b3dfa106": {
      "UserId": "c744542c-77a5-4aed-b49d-f1b2b3dfa106",
      "Username": "ChaichanL",
      "AvatarName": "avatar-c744542c-77a5-4aed-b49d-f1b2b3dfa106-44b50074.png"
    },
    "42a0c531-5340-47ba-9799-06056d5ab32a": {
      "UserId": "42a0c531-5340-47ba-9799-06056d5ab32a",
      "Username": "piet.mandeville@elysiannxt.com",
      "AvatarName": "avatar-42a0c531-5340-47ba-9799-06056d5ab32a-d409ba33.png"
    },
    "6e43d849-6453-42fe-b170-6f403b5e01b3": {
      "UserId": "6e43d849-6453-42fe-b170-6f403b5e01b3",
      "Username": "aris.wibowo@elysiannxt.com",
      "AvatarName": "avatar-6e43d849-6453-42fe-b170-6f403b5e01b3-2986e492.png"
    },
    "9ac4769c-524e-4f54-8e69-a00fc6b9a2be": {
      "UserId": "9ac4769c-524e-4f54-8e69-a00fc6b9a2be",
      "Username": "sorakrich.sasithonsivilai@elysiannxt.com",
      "AvatarName": "avatar-9ac4769c-524e-4f54-8e69-a00fc6b9a2be-209680d8.png"
    },
    "d79d513c-dd0e-4645-af6d-7d224fd6a3ef": {
      "UserId": "d79d513c-dd0e-4645-af6d-7d224fd6a3ef",
      "Username": "TestUserSSB",
      "AvatarName": "avatar-d79d513c-dd0e-4645-af6d-7d224fd6a3efdd7073f7.png"
    },
    "f3b9ebae-4c2e-4a7b-83f9-1bbad4cae1bc": {
      "UserId": "f3b9ebae-4c2e-4a7b-83f9-1bbad4cae1bc",
      "Username": "nutcha.chanwuttikhun@elysiannxt.com",
      "AvatarName": "avatar-f3b9ebae-4c2e-4a7b-83f9-1bbad4cae1bc444cdc02.png"
    },
    "b5f5ea8c-2b01-49d7-b0fd-6fe93758f823": {
      "UserId": "b5f5ea8c-2b01-49d7-b0fd-6fe93758f823",
      "Username": "NarischaC",
      "AvatarName": "avatar-b5f5ea8c-2b01-49d7-b0fd-6fe93758f823-fae702d2.png"
    },
    "fe032e5b-6d0e-4730-b4d6-773558c0188a": {
      "UserId": "fe032e5b-6d0e-4730-b4d6-773558c0188a",
      "Username": "garnchanit.prawatsilpa@elysiannxt.com",
      "AvatarName": "avatar-fe032e5b-6d0e-4730-b4d6-773558c0188a4dfd02fe.png"
    },
    "db0e307c-e8fb-4d26-af56-a2fd01a19e55": {
      "UserId": "db0e307c-e8fb-4d26-af56-a2fd01a19e55",
      "Username": "chaichan.laorapeporntong@elysiannxt.com",
      "AvatarName": "avatar-db0e307c-e8fb-4d26-af56-a2fd01a19e55-24cc4a97.png"
    },
    "9d4c5adc-c1e2-48fc-a00d-e8bc9e79b404": {
      "UserId": "9d4c5adc-c1e2-48fc-a00d-e8bc9e79b404",
      "Username": "narischa.chongsakul@elysiannxt.com",
      "AvatarName": "avatar-9d4c5adc-c1e2-48fc-a00d-e8bc9e79b404-781e351e.png"
    },
    "b87a9d5e-a08a-44aa-97e9-2364da15372e": {
      "UserId": "b87a9d5e-a08a-44aa-97e9-2364da15372e",
      "Username": "prapawarin.chailaemlak@elysiannxt.com",
      "AvatarName": "avatar-b87a9d5e-a08a-44aa-97e9-2364da15372eee58a5d7.png"
    },
    "b9cbafc1-b7ba-4dda-b28c-cbe24fba3055": {
      "UserId": "b9cbafc1-b7ba-4dda-b28c-cbe24fba3055",
      "Username": "EmpyreanAppUser",
      "AvatarName": "avatar-b9cbafc1-b7ba-4dda-b28c-cbe24fba3055-c22e8539.png"
    },
    "856e360c-fa79-41e7-a5e4-a076c1d30502": {
      "UserId": "856e360c-fa79-41e7-a5e4-a076c1d30502",
      "Username": "ahmad.ridwan@elysiannxt.com",
      "AvatarName": "avatar-856e360c-fa79-41e7-a5e4-a076c1d30502-82972688.png"
    },
    "a0a744cb-18bc-4ad9-8c60-7cadb93ce247": {
      "UserId": "a0a744cb-18bc-4ad9-8c60-7cadb93ce247",
      "Username": "vandy.wijaya@elysiannxt.com",
      "AvatarName": "avatar-a0a744cb-18bc-4ad9-8c60-7cadb93ce247-e805a41a.png"
    },
    "034db50b-2c7a-4529-a757-a4ef79434b63": {
      "UserId": "034db50b-2c7a-4529-a757-a4ef79434b63",
      "Username": "sumeth.watcharinkarn@elysiannxt.com",
      "AvatarName": "avatar-034db50b-2c7a-4529-a757-a4ef79434b63-8388c945.png"
    },
    "85504d2a-a0f9-4725-aa26-69f3048805db": {
      "UserId": "85504d2a-a0f9-4725-aa26-69f3048805db",
      "Username": "Workshop02",
      "AvatarName": "avatar-85504d2a-a0f9-4725-aa26-69f3048805dbd2a8f671.png"
    },
    "640e6a56-51a1-49f2-950b-ecf5f36da963": {
      "UserId": "640e6a56-51a1-49f2-950b-ecf5f36da963",
      "Username": "KatherineN",
      "AvatarName": "avatar-640e6a56-51a1-49f2-950b-ecf5f36da963-db5afb3f.png"
    },
    "48dd018b-e6c2-472d-a997-ff5ec69ec299": {
      "UserId": "48dd018b-e6c2-472d-a997-ff5ec69ec299",
      "Username": "samart.furuta@elysiannxt.com",
      "AvatarName": "avatar-48dd018b-e6c2-472d-a997-ff5ec69ec299-7608fd07.png"
    },
    "c3cd3eeb-d37a-433d-bf7c-69f9b1d6d2bd": {
      "UserId": "c3cd3eeb-d37a-433d-bf7c-69f9b1d6d2bd",
      "Username": "nida.kampan@elysiannxt.com",
      "AvatarName": "avatar-c3cd3eeb-d37a-433d-bf7c-69f9b1d6d2bd-4193efbc.png"
    },
    "cc804ab2-c14e-4e8f-8d9f-4ad244f56845": {
      "UserId": "cc804ab2-c14e-4e8f-8d9f-4ad244f56845",
      "Username": "sitanun.boonruang@elysiannxt.com",
      "AvatarName": "avatar-cc804ab2-c14e-4e8f-8d9f-4ad244f56845-2af1ffd5.png"
    },
    "25a628d8-7115-4430-9499-afff756ea5be": {
      "UserId": "25a628d8-7115-4430-9499-afff756ea5be",
      "Username": "patrick.srilawong@elysiannxt.com",
      "AvatarName": "avatar-25a628d8-7115-4430-9499-afff756ea5be0f528865.png"
    },
    "fa7e1016-fbf7-432e-a5a6-9df2fa592964": {
      "UserId": "fa7e1016-fbf7-432e-a5a6-9df2fa592964",
      "Username": "kawalin.udomlertlux@elysiannxt.com",
      "AvatarName": "avatar-fa7e1016-fbf7-432e-a5a6-9df2fa592964-b1f949cb.png"
    },
    "fe585b13-4281-4c1a-a7af-6f88b60c890c": {
      "UserId": "fe585b13-4281-4c1a-a7af-6f88b60c890c",
      "Username": "wanchai.sangkusolwong@elysiannxt.com",
      "AvatarName": "avatar-fe585b13-4281-4c1a-a7af-6f88b60c890c-2f901d14.png"
    },
    "fcf9d005-2954-450a-92c5-e7268835040f": {
      "UserId": "fcf9d005-2954-450a-92c5-e7268835040f",
      "Username": "AhmadR",
      "AvatarName": "avatar-fcf9d005-2954-450a-92c5-e7268835040f-36334e75.png"
    },
    "b97057f7-57f3-4975-8e8e-7ddf90e574ca": {
      "UserId": "b97057f7-57f3-4975-8e8e-7ddf90e574ca",
      "Username": "sirijanya.wipunnawan@elysiannxt.com",
      "AvatarName": "avatar-b97057f7-57f3-4975-8e8e-7ddf90e574ca89953164.png"
    },
    "8dcc65d6-96e2-4d8d-a606-86d07210f384": {
      "UserId": "8dcc65d6-96e2-4d8d-a606-86d07210f384",
      "Username": "Workshop01",
      "AvatarName": "avatar-8dcc65d6-96e2-4d8d-a606-86d07210f3847b593463.png"
    },
    "00317d53-497e-4a2b-b3c2-aba3b7e38604": {
      "UserId": "00317d53-497e-4a2b-b3c2-aba3b7e38604",
      "Username": "GarnchanitP",
      "AvatarName": "avatar-00317d53-497e-4a2b-b3c2-aba3b7e38604-fbe94ea5.png"
    }
  },
  "teams": {
    "d53233aa-e9f7-4b65-bdae-b62df185eea8": {
      "TeamId": "d53233aa-e9f7-4b65-bdae-b62df185eea8",
      "Name": "Finance Users"
    },
    "cf4878cf-0787-4549-81de-f27de83e56d9": {
      "TeamId": "cf4878cf-0787-4549-81de-f27de83e56d9",
      "Name": "Finance Modellers"
    },
    "8695488c-bdfb-466a-b31e-15e3bbabbded": {
      "TeamId": "8695488c-bdfb-466a-b31e-15e3bbabbded",
      "Name": "Finance Viewers"
    },
    "e32d32d5-6df1-4000-b263-f6ed56a7d339": {
      "TeamId": "e32d32d5-6df1-4000-b263-f6ed56a7d339",
      "Name": "Risk Users"
    },
    "e476f35f-5a51-436d-a555-e03fcc8037c7": {
      "TeamId": "e476f35f-5a51-436d-a555-e03fcc8037c7",
      "Name": "Risk Modellers"
    },
    "95fd73de-adc2-4c72-a040-f7923354197e": {
      "TeamId": "95fd73de-adc2-4c72-a040-f7923354197e",
      "Name": "Risk Viewers"
    },
    "3f53e966-0511-4bd7-9e5b-99e8f8d50073": {
      "TeamId": "3f53e966-0511-4bd7-9e5b-99e8f8d50073",
      "Name": "Developers"
    },
    "8af1e7a1-d465-4c7d-9b46-691169ddd443": {
      "TeamId": "8af1e7a1-d465-4c7d-9b46-691169ddd443",
      "Name": "Everyone"
    },
    "afd9b401-e4a6-4ee5-b9d4-7b87d44bcdc8": {
      "TeamId": "afd9b401-e4a6-4ee5-b9d4-7b87d44bcdc8",
      "Name": "Elysian Application Users"
    },
    "2f78e9fc-7d62-4b28-a9a2-fb108c5eba8a": {
      "TeamId": "2f78e9fc-7d62-4b28-a9a2-fb108c5eba8a",
      "Name": "Finance Managers"
    },
    "4f0925db-ffde-4442-901f-80b292a5d879": {
      "TeamId": "4f0925db-ffde-4442-901f-80b292a5d879",
      "Name": "Entity02"
    },
    "872fde3b-9f6d-4d88-b1cd-cb16fa9c98d3": {
      "TeamId": "872fde3b-9f6d-4d88-b1cd-cb16fa9c98d3",
      "Name": "Risk Managers"
    },
    "ea2d9c71-83a2-4560-b43a-bab1ea63d32b": {
      "TeamId": "ea2d9c71-83a2-4560-b43a-bab1ea63d32b",
      "Name": "System Administrators"
    },
    "6d06bdc1-fc95-4f40-810b-f0521be75bd6": {
      "TeamId": "6d06bdc1-fc95-4f40-810b-f0521be75bd6",
      "Name": "Professional Services"
    },
    "e49abfe4-081b-49c8-b81f-565716669950": {
      "TeamId": "e49abfe4-081b-49c8-b81f-565716669950",
      "Name": "Indonesia"
    },
    "0193ce1d-4f69-4c1f-a986-70d5422fe529": {
      "TeamId": "0193ce1d-4f69-4c1f-a986-70d5422fe529",
      "Name": "Entity01"
    },
    "a29837b0-a260-40a4-8e5c-d9035d283bf5": {
      "TeamId": "a29837b0-a260-40a4-8e5c-d9035d283bf5",
      "Name": "Test Team SSB"
    }
  }
}